[Data],,,,
Sample_name,Sample_ID,index,index2,Lane
F01A06,F01A06,GTAGGATAAG,TGATAGAACG,5
F02A06,F02A06,CGTCGAGCGC,TGATAGAACG,5
F03A06,F03A06,ACTATTCATT,TGATAGAACG,5
F04A06,F04A06,TTGCTTAGAT,TGATAGAACG,5
F05A06,F05A06,CGAATGGAGC,TGATAGAACG,5
F06A06,F06A06,CTATATAGCC,TGATAGAACG,5
F07A06,F07A06,CTACTAATAA,TGATAGAACG,5
F08A06,F08A06,TGGTTGCCGT,TGATAGAACG,5
F09A06,F09A06,TCCTCTGCCG,TGATAGAACG,5
F10A06,F10A06,GATTCTTGAA,TGATAGAACG,5
F11A06,F11A06,GTAGCAGCTA,TGATAGAACG,5
F12A06,F12A06,CCTCAGCTCC,TGATAGAACG,5
F01B06,F01B06,GTAGGATAAG,GTCGCTCAGT,5
F02B06,F02B06,CGTCGAGCGC,GTCGCTCAGT,5
F03B06,F03B06,ACTATTCATT,GTCGCTCAGT,5
F04B06,F04B06,TTGCTTAGAT,GTCGCTCAGT,5
F05B06,F05B06,CGAATGGAGC,GTCGCTCAGT,5
F06B06,F06B06,CTATATAGCC,GTCGCTCAGT,5
F07B06,F07B06,CTACTAATAA,GTCGCTCAGT,5
F08B06,F08B06,TGGTTGCCGT,GTCGCTCAGT,5
F09B06,F09B06,TCCTCTGCCG,GTCGCTCAGT,5
F10B06,F10B06,GATTCTTGAA,GTCGCTCAGT,5
F11B06,F11B06,GTAGCAGCTA,GTCGCTCAGT,5
F12B06,F12B06,CCTCAGCTCC,GTCGCTCAGT,5
F01C06,F01C06,GTAGGATAAG,AGTTGCATCT,5
F02C06,F02C06,CGTCGAGCGC,AGTTGCATCT,5
F03C06,F03C06,ACTATTCATT,AGTTGCATCT,5
F04C06,F04C06,TTGCTTAGAT,AGTTGCATCT,5
F05C06,F05C06,CGAATGGAGC,AGTTGCATCT,5
F06C06,F06C06,CTATATAGCC,AGTTGCATCT,5
F07C06,F07C06,CTACTAATAA,AGTTGCATCT,5
F08C06,F08C06,TGGTTGCCGT,AGTTGCATCT,5
F09C06,F09C06,TCCTCTGCCG,AGTTGCATCT,5
F10C06,F10C06,GATTCTTGAA,AGTTGCATCT,5
F11C06,F11C06,GTAGCAGCTA,AGTTGCATCT,5
F12C06,F12C06,CCTCAGCTCC,AGTTGCATCT,5
F01D06,F01D06,GTAGGATAAG,CTAACTCCAA,5
F02D06,F02D06,CGTCGAGCGC,CTAACTCCAA,5
F03D06,F03D06,ACTATTCATT,CTAACTCCAA,5
F04D06,F04D06,TTGCTTAGAT,CTAACTCCAA,5
F05D06,F05D06,CGAATGGAGC,CTAACTCCAA,5
F06D06,F06D06,CTATATAGCC,CTAACTCCAA,5
F07D06,F07D06,CTACTAATAA,CTAACTCCAA,5
F08D06,F08D06,TGGTTGCCGT,CTAACTCCAA,5
F09D06,F09D06,TCCTCTGCCG,CTAACTCCAA,5
F10D06,F10D06,GATTCTTGAA,CTAACTCCAA,5
F11D06,F11D06,GTAGCAGCTA,CTAACTCCAA,5
F12D06,F12D06,CCTCAGCTCC,CTAACTCCAA,5
F01E06,F01E06,GTAGGATAAG,CATGCATCTC,5
F02E06,F02E06,CGTCGAGCGC,CATGCATCTC,5
F03E06,F03E06,ACTATTCATT,CATGCATCTC,5
F04E06,F04E06,TTGCTTAGAT,CATGCATCTC,5
F05E06,F05E06,CGAATGGAGC,CATGCATCTC,5
F06E06,F06E06,CTATATAGCC,CATGCATCTC,5
F07E06,F07E06,CTACTAATAA,CATGCATCTC,5
F08E06,F08E06,TGGTTGCCGT,CATGCATCTC,5
F09E06,F09E06,TCCTCTGCCG,CATGCATCTC,5
F10E06,F10E06,GATTCTTGAA,CATGCATCTC,5
F11E06,F11E06,GTAGCAGCTA,CATGCATCTC,5
F12E06,F12E06,CCTCAGCTCC,CATGCATCTC,5
F01F06,F01F06,GTAGGATAAG,ACGAGGACCT,5
F02F06,F02F06,CGTCGAGCGC,ACGAGGACCT,5
F03F06,F03F06,ACTATTCATT,ACGAGGACCT,5
F04F06,F04F06,TTGCTTAGAT,ACGAGGACCT,5
F05F06,F05F06,CGAATGGAGC,ACGAGGACCT,5
F06F06,F06F06,CTATATAGCC,ACGAGGACCT,5
F07F06,F07F06,CTACTAATAA,ACGAGGACCT,5
F08F06,F08F06,TGGTTGCCGT,ACGAGGACCT,5
F09F06,F09F06,TCCTCTGCCG,ACGAGGACCT,5
F10F06,F10F06,GATTCTTGAA,ACGAGGACCT,5
F11F06,F11F06,GTAGCAGCTA,ACGAGGACCT,5
F12F06,F12F06,CCTCAGCTCC,ACGAGGACCT,5
F01G06,F01G06,GTAGGATAAG,CATTATTACC,5
F02G06,F02G06,CGTCGAGCGC,CATTATTACC,5
F03G06,F03G06,ACTATTCATT,CATTATTACC,5
F04G06,F04G06,TTGCTTAGAT,CATTATTACC,5
F05G06,F05G06,CGAATGGAGC,CATTATTACC,5
F06G06,F06G06,CTATATAGCC,CATTATTACC,5
F07G06,F07G06,CTACTAATAA,CATTATTACC,5
F08G06,F08G06,TGGTTGCCGT,CATTATTACC,5
F09G06,F09G06,TCCTCTGCCG,CATTATTACC,5
F10G06,F10G06,GATTCTTGAA,CATTATTACC,5
F11G06,F11G06,GTAGCAGCTA,CATTATTACC,5
F12G06,F12G06,CCTCAGCTCC,CATTATTACC,5
F01H06,F01H06,GTAGGATAAG,TCATCTAATC,5
F02H06,F02H06,CGTCGAGCGC,TCATCTAATC,5
F03H06,F03H06,ACTATTCATT,TCATCTAATC,5
F04H06,F04H06,TTGCTTAGAT,TCATCTAATC,5
F05H06,F05H06,CGAATGGAGC,TCATCTAATC,5
F06H06,F06H06,CTATATAGCC,TCATCTAATC,5
F07H06,F07H06,CTACTAATAA,TCATCTAATC,5
F08H06,F08H06,TGGTTGCCGT,TCATCTAATC,5
F09H06,F09H06,TCCTCTGCCG,TCATCTAATC,5
F10H06,F10H06,GATTCTTGAA,TCATCTAATC,5
F11H06,F11H06,GTAGCAGCTA,TCATCTAATC,5
F12H06,F12H06,CCTCAGCTCC,TCATCTAATC,5